[
    {
        "korisnik_id": 2,
        "atribut": "posljednja_prijava",
        "vrijednost": "2025-01-17 19:45:08.415086",
        "azurirano": "2025-01-17 19:45:08.415227"
    },
    {
        "korisnik_id": 1,
        "atribut": "posljednja_prijava",
        "vrijednost": "2025-01-17 19:35:10.771399",
        "azurirano": "2025-01-17 19:35:10.771590"
    },
    {
        "korisnik_id": 4,
        "atribut": "posljednja_prijava",
        "vrijednost": "2025-01-17 19:32:56.512409",
        "azurirano": "2025-01-17 19:32:56.512597"
    }
]